Unnamed: 0,Sample,Charge,genos_id,allotype,LC,type,num,IgGI1H3N3F1,IgGI1H3N4,IgGI1H3N4F1,IgGI1H3N5F1,IgGI1H3N6F3,IgGI1H4N2,IgGI1H4N3,IgGI1H4N3F1,IgGI1H4N3F2,IgGI1H4N4,IgGI1H4N4F1,IgGI1H4N4F1S1,IgGI1H4N4F2,IgGI1H4N5F1,IgGI1H4N5F1S1,IgGI1H4N5F2S1,IgGI1H5N2,IgGI1H5N3F1,IgGI1H5N4,IgGI1H5N4F1,IgGI1H5N4F1S1,IgGI1H5N4F1S2,IgGI1H5N4F2,IgGI1H5N4F2S1,IgGI1H5N4F3,IgGI1H5N5F1,IgGI1H5N5F1S1,IgGI1H5N5F2,IgGI1H5N5F3,IgGI1H6N2,IgGI1H6N3F1,IgGI1H6N3F1G1,IgGI1H6N3F1S1,IgGI1H6N3F2,IgGI1H6N5F1,IgGIA1H3N3F1,IgGIA1H3N4,IgGIA1H3N4F1,IgGIA1H3N5F1,IgGIA1H3N6F3,IgGIA1H4N2,IgGIA1H4N3,IgGIA1H4N3F1,IgGIA1H4N3F2,IgGIA1H4N4,IgGIA1H4N4F1,IgGIA1H4N4F1S1,IgGIA1H4N4F2,IgGIA1H4N5F1,IgGIA1H4N5F1S1,IgGIA1H4N5F2S1,IgGIA1H5N2,IgGIA1H5N3F1,IgGIA1H5N4,IgGIA1H5N4F1,IgGIA1H5N4F1S1,IgGIA1H5N4F1S2,IgGIA1H5N4F2,IgGIA1H5N4F2S1,IgGIA1H5N4F3,IgGIA1H5N5F1,IgGIA1H5N5F1S1,IgGIA1H5N5F2,IgGIA1H5N5F3,IgGIA1H6N2,IgGIA1H6N3F1,IgGIA1H6N3F1G1,IgGIA1H6N3F1S1,IgGIA1H6N3F2,IgGIA1H6N5F1,IgGIF1H3N3F1,IgGIF1H3N4,IgGIF1H3N4F1,IgGIF1H3N5F1,IgGIF1H3N6F3,IgGIF1H4N2,IgGIF1H4N3,IgGIF1H4N3F1,IgGIF1H4N3F2,IgGIF1H4N4,IgGIF1H4N4F1,IgGIF1H4N4F1S1,IgGIF1H4N4F2,IgGIF1H4N5F1,IgGIF1H4N5F1S1,IgGIF1H4N5F2S1,IgGIF1H5N2,IgGIF1H5N3F1,IgGIF1H5N4,IgGIF1H5N4F1,IgGIF1H5N4F1S1,IgGIF1H5N4F1S2,IgGIF1H5N4F2,IgGIF1H5N4F2S1,IgGIF1H5N4F3,IgGIF1H5N5F1,IgGIF1H5N5F1S1,IgGIF1H5N5F2,IgGIF1H5N5F3,IgGIF1H6N2,IgGIF1H6N3F1,IgGIF1H6N3F1G1,IgGIF1H6N3F1S1,IgGIF1H6N3F2,IgGIF1H6N5F1,IgGIILE1H3N3F1,IgGIILE1H3N4,IgGIILE1H3N4F1,IgGIILE1H3N5F1,IgGIILE1H3N6F3,IgGIILE1H4N2,IgGIILE1H4N3,IgGIILE1H4N3F1,IgGIILE1H4N3F2,IgGIILE1H4N4,IgGIILE1H4N4F1,IgGIILE1H4N4F1S1,IgGIILE1H4N4F2,IgGIILE1H4N5F1,IgGIILE1H4N5F1S1,IgGIILE1H4N5F2S1,IgGIILE1H5N2,IgGIILE1H5N3F1,IgGIILE1H5N4,IgGIILE1H5N4F1,IgGIILE1H5N4F1S1,IgGIILE1H5N4F1S2,IgGIILE1H5N4F2,IgGIILE1H5N4F2S1,IgGIILE1H5N4F3,IgGIILE1H5N5F1,IgGIILE1H5N5F1S1,IgGIILE1H5N5F2,IgGIILE1H5N5F3,IgGIILE1H6N2,IgGIILE1H6N3F1,IgGIILE1H6N3F1G1,IgGIILE1H6N3F1S1,IgGIILE1H6N3F2,IgGIILE1H6N5F1
31,"id_16_2-C,2_01_55408.raw",2,id_16,IgGIA,NO,YA-NO,1,NA,NA,NA,NA,NA,NA,NA,NA,NA,NA,NA,NA,NA,NA,NA,NA,NA,NA,NA,NA,NA,NA,NA,NA,NA,NA,NA,NA,NA,NA,NA,NA,NA,NA,NA,9084018.376,NA,19370010,958753.2543,NA,338265.3618,NA,7204323.815,NA,NA,5228640.308,116071.684,NA,206501.2083,53545.49829,NA,5556973.25,8154691.204,NA,1321711.49,54319.56401,NA,NA,NA,NA,NA,NA,NA,NA,1039228.602,3399002.466,NA,578031.4589,NA,NA,NA,NA,NA,NA,NA,NA,NA,NA,NA,NA,NA,NA,NA,NA,NA,NA,NA,NA,NA,NA,NA,NA,NA,NA,NA,NA,NA,NA,NA,NA,NA,NA,NA,NA,NA,NA,NA,NA,NA,NA,NA,NA,NA,NA,NA,NA,NA,NA,NA,NA,NA,NA,NA,NA,NA,NA,NA,NA,NA,NA,NA,NA,NA,NA,NA,NA,NA,NA,NA,NA
32,"id_16_2-C,2_01_55408.raw",3,id_16,IgGIA,NO,YA-NO,1,NA,NA,NA,NA,NA,NA,NA,NA,NA,NA,NA,NA,NA,NA,NA,NA,NA,NA,NA,NA,NA,NA,NA,NA,NA,NA,NA,NA,NA,NA,NA,NA,NA,NA,NA,114006.3525,NA,2901603.973,317424.2428,NA,NA,NA,604390.3576,NA,NA,1607030.374,297408.4107,NA,84439.37435,537944.1104,NA,NA,1149182.333,NA,553550.5194,123921.6808,NA,NA,NA,NA,NA,NA,NA,NA,NA,1153082.749,NA,612494.8009,NA,NA,NA,NA,NA,NA,NA,NA,NA,NA,NA,NA,NA,NA,NA,NA,NA,NA,NA,NA,NA,NA,NA,NA,NA,NA,NA,NA,NA,NA,NA,NA,NA,NA,NA,NA,NA,NA,NA,NA,NA,NA,NA,NA,NA,NA,NA,NA,NA,NA,NA,NA,NA,NA,NA,NA,NA,NA,NA,NA,NA,NA,NA,NA,NA,NA,NA,NA,NA,NA,NA,NA
33,"id_17_2-C,3_01_55432.raw",2,id_17,IgGIA,NO,YA-NO,2,NA,NA,NA,NA,NA,NA,NA,NA,NA,NA,NA,NA,NA,NA,NA,NA,NA,NA,NA,NA,NA,NA,NA,NA,NA,NA,NA,NA,NA,NA,NA,NA,NA,NA,NA,8199816.542,NA,17232294.96,882576.9778,NA,300582.788,NA,6731870.852,NA,NA,4780807.456,145520.1313,NA,200400.5601,36759.94775,NA,5115428.005,7920626.352,NA,1281556.107,59095.57525,NA,NA,NA,NA,NA,NA,NA,NA,988438.403,3391330.823,NA,549947.636,NA,NA,NA,NA,NA,NA,NA,NA,NA,NA,NA,NA,NA,NA,NA,NA,NA,NA,NA,NA,NA,NA,NA,NA,NA,NA,NA,NA,NA,NA,NA,NA,NA,NA,NA,NA,NA,NA,NA,NA,NA,NA,NA,NA,NA,NA,NA,NA,NA,NA,NA,NA,NA,NA,NA,NA,NA,NA,NA,NA,NA,NA,NA,NA,NA,NA,NA,NA,NA,NA,NA,NA
34,"id_17_2-C,3_01_55432.raw",3,id_17,IgGIA,NO,YA-NO,2,NA,NA,NA,NA,NA,NA,NA,NA,NA,NA,NA,NA,NA,NA,NA,NA,NA,NA,NA,NA,NA,NA,NA,NA,NA,NA,NA,NA,NA,NA,NA,NA,NA,NA,NA,112874.4172,NA,2723053.793,359808.2837,NA,NA,NA,580322.772,NA,NA,1401714.321,287470.4241,NA,23957.66705,445701.5553,NA,NA,1176006.158,NA,608171.1038,124478.7523,NA,NA,NA,NA,NA,NA,NA,NA,NA,1258211.552,NA,643305.9852,NA,NA,NA,NA,NA,NA,NA,NA,NA,NA,NA,NA,NA,NA,NA,NA,NA,NA,NA,NA,NA,NA,NA,NA,NA,NA,NA,NA,NA,NA,NA,NA,NA,NA,NA,NA,NA,NA,NA,NA,NA,NA,NA,NA,NA,NA,NA,NA,NA,NA,NA,NA,NA,NA,NA,NA,NA,NA,NA,NA,NA,NA,NA,NA,NA,NA,NA,NA,NA,NA,NA,NA
35,"id_18_2-A,1_01_55378.raw",2,id_18,IgGIA,NO,YA-NO,3,NA,NA,NA,NA,NA,NA,NA,NA,NA,NA,NA,NA,NA,NA,NA,NA,NA,NA,NA,NA,NA,NA,NA,NA,NA,NA,NA,NA,NA,NA,NA,NA,NA,NA,NA,8738252.669,NA,20322661.92,955203.7064,NA,319667.2565,NA,7065251.859,NA,NA,5339264.98,103251.2197,NA,216907.3523,63480.44281,NA,5390321.532,8117708.2,NA,1332098.237,55214.89138,NA,NA,NA,NA,NA,NA,NA,NA,1048846.206,3356703.194,NA,597008.3162,NA,NA,NA,NA,NA,NA,NA,NA,NA,NA,NA,NA,NA,NA,NA,NA,NA,NA,NA,NA,NA,NA,NA,NA,NA,NA,NA,NA,NA,NA,NA,NA,NA,NA,NA,NA,NA,NA,NA,NA,NA,NA,NA,NA,NA,NA,NA,NA,NA,NA,NA,NA,NA,NA,NA,NA,NA,NA,NA,NA,NA,NA,NA,NA,NA,NA,NA,NA,NA,NA,NA,NA
36,"id_18_2-A,1_01_55378.raw",3,id_18,IgGIA,NO,YA-NO,3,NA,NA,NA,NA,NA,NA,NA,NA,NA,NA,NA,NA,NA,NA,NA,NA,NA,NA,NA,NA,NA,NA,NA,NA,NA,NA,NA,NA,NA,NA,NA,NA,NA,NA,NA,60504.63724,NA,2956087.861,288307.8138,NA,NA,NA,497347.9633,NA,NA,1554315.708,359844.8967,NA,69803.01306,459924.0557,NA,NA,1207942.545,NA,615289.0851,183948.4371,NA,NA,NA,NA,NA,NA,NA,NA,NA,1235408.598,NA,666798.9138,NA,NA,NA,NA,NA,NA,NA,NA,NA,NA,NA,NA,NA,NA,NA,NA,NA,NA,NA,NA,NA,NA,NA,NA,NA,NA,NA,NA,NA,NA,NA,NA,NA,NA,NA,NA,NA,NA,NA,NA,NA,NA,NA,NA,NA,NA,NA,NA,NA,NA,NA,NA,NA,NA,NA,NA,NA,NA,NA,NA,NA,NA,NA,NA,NA,NA,NA,NA,NA,NA,NA,NA
7,"id_04_2-F,3_01_55441.raw",2,id_04,IgGIA,WT,YA-WT ,1,NA,NA,NA,NA,NA,NA,NA,NA,NA,NA,NA,NA,NA,NA,NA,NA,NA,NA,NA,NA,NA,NA,NA,NA,NA,NA,NA,NA,NA,NA,NA,NA,NA,NA,NA,10878210.71,NA,20697000.55,1054590.267,NA,427638.1085,NA,9098834.3,NA,NA,5521308.044,134351.3943,NA,238826.6072,54558.83691,NA,7335524.315,10065789.04,NA,1540678.67,60878.21918,NA,NA,NA,NA,NA,NA,NA,NA,1640459.043,4356547.322,NA,760833.9118,NA,NA,NA,NA,NA,NA,NA,NA,NA,NA,NA,NA,NA,NA,NA,NA,NA,NA,NA,NA,NA,NA,NA,NA,NA,NA,NA,NA,NA,NA,NA,NA,NA,NA,NA,NA,NA,NA,NA,NA,NA,NA,NA,NA,NA,NA,NA,NA,NA,NA,NA,NA,NA,NA,NA,NA,NA,NA,NA,NA,NA,NA,NA,NA,NA,NA,NA,NA,NA,NA,NA,NA
8,"id_04_2-F,3_01_55441.raw",3,id_04,IgGIA,WT,YA-WT ,1,NA,NA,NA,NA,NA,NA,NA,NA,NA,NA,NA,NA,NA,NA,NA,NA,NA,NA,NA,NA,NA,NA,NA,NA,NA,NA,NA,NA,NA,NA,NA,NA,NA,NA,NA,74092.99394,NA,3104887.715,397732.7545,NA,NA,NA,886551.5095,NA,NA,1565377.485,320299.82,NA,27533.4731,548115.5458,NA,NA,1424200.02,NA,709219.2764,153350.4819,NA,NA,NA,NA,NA,NA,NA,NA,NA,1381948.978,NA,878034.9201,NA,NA,NA,NA,NA,NA,NA,NA,NA,NA,NA,NA,NA,NA,NA,NA,NA,NA,NA,NA,NA,NA,NA,NA,NA,NA,NA,NA,NA,NA,NA,NA,NA,NA,NA,NA,NA,NA,NA,NA,NA,NA,NA,NA,NA,NA,NA,NA,NA,NA,NA,NA,NA,NA,NA,NA,NA,NA,NA,NA,NA,NA,NA,NA,NA,NA,NA,NA,NA,NA,NA,NA
9,"id_05_2-B,1_01_55381.raw",2,id_05,IgGIA,WT,YA-WT ,2,NA,NA,NA,NA,NA,NA,NA,NA,NA,NA,NA,NA,NA,NA,NA,NA,NA,NA,NA,NA,NA,NA,NA,NA,NA,NA,NA,NA,NA,NA,NA,NA,NA,NA,NA,9960385.134,NA,21698778.61,939610.663,NA,354085.1486,NA,8413892.445,NA,NA,5724400.015,353147.852,NA,213950.5409,41098.317,NA,6533537.861,9453887.701,NA,1476514.512,108599.8903,NA,NA,NA,NA,NA,NA,NA,NA,1513184.564,4082299.445,NA,768591.7442,NA,NA,NA,NA,NA,NA,NA,NA,NA,NA,NA,NA,NA,NA,NA,NA,NA,NA,NA,NA,NA,NA,NA,NA,NA,NA,NA,NA,NA,NA,NA,NA,NA,NA,NA,NA,NA,NA,NA,NA,NA,NA,NA,NA,NA,NA,NA,NA,NA,NA,NA,NA,NA,NA,NA,NA,NA,NA,NA,NA,NA,NA,NA,NA,NA,NA,NA,NA,NA,NA,NA,NA
10,"id_05_2-B,1_01_55381.raw",3,id_05,IgGIA,WT,YA-WT ,2,NA,NA,NA,NA,NA,NA,NA,NA,NA,NA,NA,NA,NA,NA,NA,NA,NA,NA,NA,NA,NA,NA,NA,NA,NA,NA,NA,NA,NA,NA,NA,NA,NA,NA,NA,141356.534,NA,3051463.515,249349.8973,NA,NA,NA,577239.5029,NA,NA,1695707.734,711394.349,NA,125251.257,603779.5669,NA,NA,1240537.76,NA,633589.5974,315268.4329,NA,NA,NA,NA,NA,NA,NA,NA,NA,1278101.291,NA,749232.5854,NA,NA,NA,NA,NA,NA,NA,NA,NA,NA,NA,NA,NA,NA,NA,NA,NA,NA,NA,NA,NA,NA,NA,NA,NA,NA,NA,NA,NA,NA,NA,NA,NA,NA,NA,NA,NA,NA,NA,NA,NA,NA,NA,NA,NA,NA,NA,NA,NA,NA,NA,NA,NA,NA,NA,NA,NA,NA,NA,NA,NA,NA,NA,NA,NA,NA,NA,NA,NA,NA,NA,NA
11,"id_06_2-H,3_01_55447.raw",2,id_06,IgGIA,WT,YA-WT ,3,NA,NA,NA,NA,NA,NA,NA,NA,NA,NA,NA,NA,NA,NA,NA,NA,NA,NA,NA,NA,NA,NA,NA,NA,NA,NA,NA,NA,NA,NA,NA,NA,NA,NA,NA,9735851.493,NA,18617255.57,969772.779,NA,363983.1227,NA,8040341.081,NA,NA,4915426.702,126536.3022,NA,223723.5976,62671.64319,NA,6490427.733,9051906.203,NA,1388341.74,54229.77568,NA,NA,NA,NA,NA,NA,NA,NA,1448291.747,3915489.281,NA,637699.6551,NA,NA,NA,NA,NA,NA,NA,NA,NA,NA,NA,NA,NA,NA,NA,NA,NA,NA,NA,NA,NA,NA,NA,NA,NA,NA,NA,NA,NA,NA,NA,NA,NA,NA,NA,NA,NA,NA,NA,NA,NA,NA,NA,NA,NA,NA,NA,NA,NA,NA,NA,NA,NA,NA,NA,NA,NA,NA,NA,NA,NA,NA,NA,NA,NA,NA,NA,NA,NA,NA,NA,NA
12,"id_06_2-H,3_01_55447.raw",3,id_06,IgGIA,WT,YA-WT ,3,NA,NA,NA,NA,NA,NA,NA,NA,NA,NA,NA,NA,NA,NA,NA,NA,NA,NA,NA,NA,NA,NA,NA,NA,NA,NA,NA,NA,NA,NA,NA,NA,NA,NA,NA,52801.61466,NA,2849534.487,365842.8786,NA,NA,NA,800671.2725,NA,NA,1465483.824,433038.4674,NA,62643.86154,603102.8402,NA,NA,1295171.572,NA,608452.8521,146455.0804,NA,NA,NA,NA,NA,NA,NA,NA,NA,1427003.213,NA,736789.4758,NA,NA,NA,NA,NA,NA,NA,NA,NA,NA,NA,NA,NA,NA,NA,NA,NA,NA,NA,NA,NA,NA,NA,NA,NA,NA,NA,NA,NA,NA,NA,NA,NA,NA,NA,NA,NA,NA,NA,NA,NA,NA,NA,NA,NA,NA,NA,NA,NA,NA,NA,NA,NA,NA,NA,NA,NA,NA,NA,NA,NA,NA,NA,NA,NA,NA,NA,NA,NA,NA,NA,NA
37,"id_19_2-H,1_01_55399.raw",2,id_19,IgGIF,NO,YF-NO,1,NA,NA,NA,NA,NA,NA,NA,NA,NA,NA,NA,NA,NA,NA,NA,NA,NA,NA,NA,NA,NA,NA,NA,NA,NA,NA,NA,NA,NA,NA,NA,NA,NA,NA,NA,NA,NA,NA,NA,NA,NA,NA,NA,NA,NA,NA,NA,NA,NA,NA,NA,NA,NA,NA,NA,NA,NA,NA,NA,NA,NA,NA,NA,NA,NA,NA,NA,NA,NA,NA,9067231.052,NA,19946463.36,2022035.244,NA,265124.4919,NA,4824529.584,NA,NA,12522515.76,414278.9672,424839.5819,1064604.692,59924.64242,NA,4073194.338,3814736.506,NA,3090268.848,463980.3722,184588.3458,263791.4266,86962.71602,NA,135428.4104,NA,NA,NA,664593.3233,1984508.42,NA,523620.2609,NA,NA,NA,NA,NA,NA,NA,NA,NA,NA,NA,NA,NA,NA,NA,NA,NA,NA,NA,NA,NA,NA,NA,NA,NA,NA,NA,NA,NA,NA,NA,NA,NA,NA,NA,NA,NA
38,"id_19_2-H,1_01_55399.raw",3,id_19,IgGIF,NO,YF-NO,1,NA,NA,NA,NA,NA,NA,NA,NA,NA,NA,NA,NA,NA,NA,NA,NA,NA,NA,NA,NA,NA,NA,NA,NA,NA,NA,NA,NA,NA,NA,NA,NA,NA,NA,NA,NA,NA,NA,NA,NA,NA,NA,NA,NA,NA,NA,NA,NA,NA,NA,NA,NA,NA,NA,NA,NA,NA,NA,NA,NA,NA,NA,NA,NA,NA,NA,NA,NA,NA,NA,439404.1127,NA,3603646.789,1050290.111,NA,NA,NA,164724.5804,NA,NA,4607442.637,539906.201,NA,1141554.606,148005.1534,NA,NA,613472.1671,NA,1905869.646,803353.2623,527463.8773,NA,1318209.286,NA,283186.6591,NA,NA,NA,NA,657430.2055,NA,773648.3197,NA,NA,NA,NA,NA,NA,NA,NA,NA,NA,NA,NA,NA,NA,NA,NA,NA,NA,NA,NA,NA,NA,NA,NA,NA,NA,NA,NA,NA,NA,NA,NA,NA,NA,NA,NA,NA
39,"id_20_2-E,3_01_55438.raw",2,id_20,IgGIF,NO,YF-NO,2,NA,NA,NA,NA,NA,NA,NA,NA,NA,NA,NA,NA,NA,NA,NA,NA,NA,NA,NA,NA,NA,NA,NA,NA,NA,NA,NA,NA,NA,NA,NA,NA,NA,NA,NA,NA,NA,NA,NA,NA,NA,NA,NA,NA,NA,NA,NA,NA,NA,NA,NA,NA,NA,NA,NA,NA,NA,NA,NA,NA,NA,NA,NA,NA,NA,NA,NA,NA,NA,NA,10102152.04,NA,21952322.45,2257830.961,NA,232077.4272,NA,5770442.129,NA,NA,14515750.29,390425.626,450856.9621,1146404.857,97838.91232,NA,3836225.607,3910808.029,NA,3439242.284,459519.7836,168475.4433,270562.3072,83296.78455,NA,151430.2808,NA,NA,NA,656739.0445,1931910.742,NA,485451.4019,NA,NA,NA,NA,NA,NA,NA,NA,NA,NA,NA,NA,NA,NA,NA,NA,NA,NA,NA,NA,NA,NA,NA,NA,NA,NA,NA,NA,NA,NA,NA,NA,NA,NA,NA,NA,NA
40,"id_20_2-E,3_01_55438.raw",3,id_20,IgGIF,NO,YF-NO,2,NA,NA,NA,NA,NA,NA,NA,NA,NA,NA,NA,NA,NA,NA,NA,NA,NA,NA,NA,NA,NA,NA,NA,NA,NA,NA,NA,NA,NA,NA,NA,NA,NA,NA,NA,NA,NA,NA,NA,NA,NA,NA,NA,NA,NA,NA,NA,NA,NA,NA,NA,NA,NA,NA,NA,NA,NA,NA,NA,NA,NA,NA,NA,NA,NA,NA,NA,NA,NA,NA,504207.3396,NA,4025664.551,944366.541,NA,NA,NA,198757.0631,NA,NA,5320302.19,649163.7201,NA,1167867.512,235055.7395,NA,NA,544027.0123,NA,2011288.515,807397.1143,539250.9503,NA,1731082.531,NA,237934.7998,NA,NA,NA,NA,828728.6565,NA,672774.6489,NA,NA,NA,NA,NA,NA,NA,NA,NA,NA,NA,NA,NA,NA,NA,NA,NA,NA,NA,NA,NA,NA,NA,NA,NA,NA,NA,NA,NA,NA,NA,NA,NA,NA,NA,NA,NA
41,"id_21_2-F,2_01_55417.raw",2,id_21,IgGIF,NO,YF-NO,3,NA,NA,NA,NA,NA,NA,NA,NA,NA,NA,NA,NA,NA,NA,NA,NA,NA,NA,NA,NA,NA,NA,NA,NA,NA,NA,NA,NA,NA,NA,NA,NA,NA,NA,NA,NA,NA,NA,NA,NA,NA,NA,NA,NA,NA,NA,NA,NA,NA,NA,NA,NA,NA,NA,NA,NA,NA,NA,NA,NA,NA,NA,NA,NA,NA,NA,NA,NA,NA,NA,8911078.418,NA,19653898.66,1973358.205,NA,208377.2954,NA,5085134.42,NA,NA,12786856.81,350344.2534,400211.9425,962774.5396,67235.15206,NA,3516964.99,3605336.904,NA,3016232.156,393454.6646,147010.3633,233917.003,77603.5411,NA,140133.8858,NA,NA,NA,624475.3125,1809313.407,NA,458213.3198,NA,NA,NA,NA,NA,NA,NA,NA,NA,NA,NA,NA,NA,NA,NA,NA,NA,NA,NA,NA,NA,NA,NA,NA,NA,NA,NA,NA,NA,NA,NA,NA,NA,NA,NA,NA,NA
42,"id_21_2-F,2_01_55417.raw",3,id_21,IgGIF,NO,YF-NO,3,NA,NA,NA,NA,NA,NA,NA,NA,NA,NA,NA,NA,NA,NA,NA,NA,NA,NA,NA,NA,NA,NA,NA,NA,NA,NA,NA,NA,NA,NA,NA,NA,NA,NA,NA,NA,NA,NA,NA,NA,NA,NA,NA,NA,NA,NA,NA,NA,NA,NA,NA,NA,NA,NA,NA,NA,NA,NA,NA,NA,NA,NA,NA,NA,NA,NA,NA,NA,NA,NA,606531.9537,NA,3697985.548,803420.7947,NA,NA,NA,73315.69424,NA,NA,4687786.958,532227.0629,NA,1072160.787,172812.2853,NA,NA,524826.9136,NA,1922621.454,772318.5998,566777.1809,NA,1376312.422,NA,259817.3397,NA,NA,NA,NA,631612.9139,NA,680823.6279,NA,NA,NA,NA,NA,NA,NA,NA,NA,NA,NA,NA,NA,NA,NA,NA,NA,NA,NA,NA,NA,NA,NA,NA,NA,NA,NA,NA,NA,NA,NA,NA,NA,NA,NA,NA,NA
13,"id_07_2-G,3_01_55444.raw",2,id_07,IgGIF,WT,YF-WT,1,NA,NA,NA,NA,NA,NA,NA,NA,NA,NA,NA,NA,NA,NA,NA,NA,NA,NA,NA,NA,NA,NA,NA,NA,NA,NA,NA,NA,NA,NA,NA,NA,NA,NA,NA,NA,NA,NA,NA,NA,NA,NA,NA,NA,NA,NA,NA,NA,NA,NA,NA,NA,NA,NA,NA,NA,NA,NA,NA,NA,NA,NA,NA,NA,NA,NA,NA,NA,NA,NA,11454679.92,NA,24490117.68,2423860.666,NA,318368.3361,NA,6854347.515,NA,NA,15816312.8,394830.5826,497284.4202,1281459.743,92738.32589,NA,4909406.366,4858820.959,NA,3629428.536,460363.387,183544.4618,309135.5984,104710.3074,NA,160664.6212,NA,NA,NA,1055287.018,2664313.499,NA,649394.237,NA,NA,NA,NA,NA,NA,NA,NA,NA,NA,NA,NA,NA,NA,NA,NA,NA,NA,NA,NA,NA,NA,NA,NA,NA,NA,NA,NA,NA,NA,NA,NA,NA,NA,NA,NA,NA
14,"id_07_2-G,3_01_55444.raw",3,id_07,IgGIF,WT,YF-WT,1,NA,NA,NA,NA,NA,NA,NA,NA,NA,NA,NA,NA,NA,NA,NA,NA,NA,NA,NA,NA,NA,NA,NA,NA,NA,NA,NA,NA,NA,NA,NA,NA,NA,NA,NA,NA,NA,NA,NA,NA,NA,NA,NA,NA,NA,NA,NA,NA,NA,NA,NA,NA,NA,NA,NA,NA,NA,NA,NA,NA,NA,NA,NA,NA,NA,NA,NA,NA,NA,NA,574305.7232,NA,4369635.635,971101.9412,NA,NA,NA,238981.7055,NA,NA,5677879.394,725708.0982,NA,1244689.514,247721.2908,NA,NA,647280.2574,NA,2178637.557,790204.3289,587802.6781,NA,2134521.188,NA,291163.6289,NA,NA,NA,NA,1142680.212,NA,1020862.046,NA,NA,NA,NA,NA,NA,NA,NA,NA,NA,NA,NA,NA,NA,NA,NA,NA,NA,NA,NA,NA,NA,NA,NA,NA,NA,NA,NA,NA,NA,NA,NA,NA,NA,NA,NA,NA
15,"id_08_2-A,2_01_55402.raw",2,id_08,IgGIF,WT,YF-WT,2,NA,NA,NA,NA,NA,NA,NA,NA,NA,NA,NA,NA,NA,NA,NA,NA,NA,NA,NA,NA,NA,NA,NA,NA,NA,NA,NA,NA,NA,NA,NA,NA,NA,NA,NA,NA,NA,NA,NA,NA,NA,NA,NA,NA,NA,NA,NA,NA,NA,NA,NA,NA,NA,NA,NA,NA,NA,NA,NA,NA,NA,NA,NA,NA,NA,NA,NA,NA,NA,NA,10498144.5,NA,23564365.79,2304886.485,NA,295452.6173,NA,6387051.822,NA,NA,14795621.71,412148.861,475780.227,1273256.518,104919.8325,NA,4962012.192,4702704.746,NA,3556195.102,503500.62,196616.6295,301087.0249,93518.79639,NA,173557.3205,NA,NA,NA,1037744.194,2665104.163,NA,708545.8104,NA,NA,NA,NA,NA,NA,NA,NA,NA,NA,NA,NA,NA,NA,NA,NA,NA,NA,NA,NA,NA,NA,NA,NA,NA,NA,NA,NA,NA,NA,NA,NA,NA,NA,NA,NA,NA
16,"id_08_2-A,2_01_55402.raw",3,id_08,IgGIF,WT,YF-WT,2,NA,NA,NA,NA,NA,NA,NA,NA,NA,NA,NA,NA,NA,NA,NA,NA,NA,NA,NA,NA,NA,NA,NA,NA,NA,NA,NA,NA,NA,NA,NA,NA,NA,NA,NA,NA,NA,NA,NA,NA,NA,NA,NA,NA,NA,NA,NA,NA,NA,NA,NA,NA,NA,NA,NA,NA,NA,NA,NA,NA,NA,NA,NA,NA,NA,NA,NA,NA,NA,NA,476767.3217,NA,4215692.666,955092.5576,NA,NA,NA,205906.7997,NA,NA,5366308.992,712107.4892,NA,1194755.233,280385.1165,NA,NA,749721.395,NA,2086767.996,953492.7475,629050.5494,NA,1495107.621,NA,314196.0162,NA,NA,NA,NA,1135461.833,NA,1040101.792,NA,NA,NA,NA,NA,NA,NA,NA,NA,NA,NA,NA,NA,NA,NA,NA,NA,NA,NA,NA,NA,NA,NA,NA,NA,NA,NA,NA,NA,NA,NA,NA,NA,NA,NA,NA,NA
17,"id_09_2-A,3_01_55426.raw",2,id_09,IgGIF,WT,YF-WT,3,NA,NA,NA,NA,NA,NA,NA,NA,NA,NA,NA,NA,NA,NA,NA,NA,NA,NA,NA,NA,NA,NA,NA,NA,NA,NA,NA,NA,NA,NA,NA,NA,NA,NA,NA,NA,NA,NA,NA,NA,NA,NA,NA,NA,NA,NA,NA,NA,NA,NA,NA,NA,NA,NA,NA,NA,NA,NA,NA,NA,NA,NA,NA,NA,NA,NA,NA,NA,NA,NA,11311869.86,NA,24919841.12,2366033.913,NA,305524.8379,NA,6508932.28,NA,NA,15793504.46,397180.8853,461652.8144,1224825.479,96675.56524,NA,4831352.618,4629510.587,NA,3589004.715,452913.3813,166215.6917,280129.0839,83139.62172,NA,154323.6746,NA,NA,NA,1013381.378,2607861.959,NA,588406.7051,NA,NA,NA,NA,NA,NA,NA,NA,NA,NA,NA,NA,NA,NA,NA,NA,NA,NA,NA,NA,NA,NA,NA,NA,NA,NA,NA,NA,NA,NA,NA,NA,NA,NA,NA,NA,NA
18,"id_09_2-A,3_01_55426.raw",3,id_09,IgGIF,WT,YF-WT,3,NA,NA,NA,NA,NA,NA,NA,NA,NA,NA,NA,NA,NA,NA,NA,NA,NA,NA,NA,NA,NA,NA,NA,NA,NA,NA,NA,NA,NA,NA,NA,NA,NA,NA,NA,NA,NA,NA,NA,NA,NA,NA,NA,NA,NA,NA,NA,NA,NA,NA,NA,NA,NA,NA,NA,NA,NA,NA,NA,NA,NA,NA,NA,NA,NA,NA,NA,NA,NA,NA,568059.0207,NA,4467599.296,933247.2632,NA,NA,NA,120821.3067,NA,NA,5485777.173,829016.5205,NA,1157028.167,528855.5508,NA,NA,707195.8602,NA,2117186.153,884058.9443,615120.5229,NA,1843936.687,NA,287775.4719,NA,NA,NA,NA,1165584.858,NA,902975.9903,NA,NA,NA,NA,NA,NA,NA,NA,NA,NA,NA,NA,NA,NA,NA,NA,NA,NA,NA,NA,NA,NA,NA,NA,NA,NA,NA,NA,NA,NA,NA,NA,NA,NA,NA,NA,NA
43,"id_22_2-H,2_01_55423.raw",2,id_22,IgGIILE,NO,YI-NO,1,NA,NA,NA,NA,NA,NA,NA,NA,NA,NA,NA,NA,NA,NA,NA,NA,NA,NA,NA,NA,NA,NA,NA,NA,NA,NA,NA,NA,NA,NA,NA,NA,NA,NA,NA,NA,NA,NA,NA,NA,NA,NA,NA,NA,NA,NA,NA,NA,NA,NA,NA,NA,NA,NA,NA,NA,NA,NA,NA,NA,NA,NA,NA,NA,NA,NA,NA,NA,NA,NA,NA,NA,NA,NA,NA,NA,NA,NA,NA,NA,NA,NA,NA,NA,NA,NA,NA,NA,NA,NA,NA,NA,NA,NA,NA,NA,NA,NA,NA,NA,NA,NA,NA,NA,NA,10772910.93,NA,17778204.45,1104887.875,NA,681007.1839,NA,2046035.529,NA,NA,6718589.754,193953.0547,NA,352141.8516,38757.51501,NA,9743258.014,11749436.64,NA,1931727.782,87775.98918,41190.18521,NA,NA,NA,NA,NA,NA,NA,1974906.217,4886107.476,NA,933434.6756,NA,NA
44,"id_22_2-H,2_01_55423.raw",3,id_22,IgGIILE,NO,YI-NO,1,NA,NA,NA,NA,NA,NA,NA,NA,NA,NA,NA,NA,NA,NA,NA,NA,NA,NA,NA,NA,NA,NA,NA,NA,NA,NA,NA,NA,NA,NA,NA,NA,NA,NA,NA,NA,NA,NA,NA,NA,NA,NA,NA,NA,NA,NA,NA,NA,NA,NA,NA,NA,NA,NA,NA,NA,NA,NA,NA,NA,NA,NA,NA,NA,NA,NA,NA,NA,NA,NA,NA,NA,NA,NA,NA,NA,NA,NA,NA,NA,NA,NA,NA,NA,NA,NA,NA,NA,NA,NA,NA,NA,NA,NA,NA,NA,NA,NA,NA,NA,NA,NA,NA,NA,NA,231960.6286,NA,3059268.141,273699.5126,NA,NA,NA,292530.336,NA,NA,2369584.333,466391.6822,NA,160709.0178,56478.08262,NA,NA,1881661.581,NA,1125371.098,233925.6807,170351.8319,NA,NA,NA,NA,NA,NA,NA,NA,1430245.703,NA,1211536.513,NA,NA
45,"id_23_2-F,1_01_55393.raw",2,id_23,IgGIILE,NO,YI-NO,2,NA,NA,NA,NA,NA,NA,NA,NA,NA,NA,NA,NA,NA,NA,NA,NA,NA,NA,NA,NA,NA,NA,NA,NA,NA,NA,NA,NA,NA,NA,NA,NA,NA,NA,NA,NA,NA,NA,NA,NA,NA,NA,NA,NA,NA,NA,NA,NA,NA,NA,NA,NA,NA,NA,NA,NA,NA,NA,NA,NA,NA,NA,NA,NA,NA,NA,NA,NA,NA,NA,NA,NA,NA,NA,NA,NA,NA,NA,NA,NA,NA,NA,NA,NA,NA,NA,NA,NA,NA,NA,NA,NA,NA,NA,NA,NA,NA,NA,NA,NA,NA,NA,NA,NA,NA,11844106.39,NA,19963806.02,1339642.208,NA,809325.4446,NA,3627743.032,NA,NA,7780279.577,247591.9346,NA,411528.5042,45145.53546,NA,12211623.19,14602847.34,NA,2512679.107,131482.4217,55873.1189,NA,NA,NA,NA,NA,NA,NA,2610653.307,6342105.034,NA,1324977.837,NA,NA
46,"id_23_2-F,1_01_55393.raw",3,id_23,IgGIILE,NO,YI-NO,2,NA,NA,NA,NA,NA,NA,NA,NA,NA,NA,NA,NA,NA,NA,NA,NA,NA,NA,NA,NA,NA,NA,NA,NA,NA,NA,NA,NA,NA,NA,NA,NA,NA,NA,NA,NA,NA,NA,NA,NA,NA,NA,NA,NA,NA,NA,NA,NA,NA,NA,NA,NA,NA,NA,NA,NA,NA,NA,NA,NA,NA,NA,NA,NA,NA,NA,NA,NA,NA,NA,NA,NA,NA,NA,NA,NA,NA,NA,NA,NA,NA,NA,NA,NA,NA,NA,NA,NA,NA,NA,NA,NA,NA,NA,NA,NA,NA,NA,NA,NA,NA,NA,NA,NA,NA,215819.6734,NA,3393869.747,488606.2325,NA,NA,NA,426637.4349,NA,NA,2723280.84,653534.5279,NA,207959.5879,44762.16215,NA,NA,2274028.87,NA,1377908.816,263964.5208,211325.6177,NA,NA,NA,NA,NA,NA,NA,NA,2051607.959,NA,1588567.566,NA,NA
47,"id_24_2-C,4_01_55456.raw",2,id_24,IgGIILE,NO,YI-NO,3,NA,NA,NA,NA,NA,NA,NA,NA,NA,NA,NA,NA,NA,NA,NA,NA,NA,NA,NA,NA,NA,NA,NA,NA,NA,NA,NA,NA,NA,NA,NA,NA,NA,NA,NA,NA,NA,NA,NA,NA,NA,NA,NA,NA,NA,NA,NA,NA,NA,NA,NA,NA,NA,NA,NA,NA,NA,NA,NA,NA,NA,NA,NA,NA,NA,NA,NA,NA,NA,NA,NA,NA,NA,NA,NA,NA,NA,NA,NA,NA,NA,NA,NA,NA,NA,NA,NA,NA,NA,NA,NA,NA,NA,NA,NA,NA,NA,NA,NA,NA,NA,NA,NA,NA,NA,14718506.25,NA,29036434.94,1714179.137,NA,738576.525,NA,4835202.209,NA,NA,10434844.85,249085.0707,NA,421555.9266,46871.39451,NA,11452061.32,12924892.77,NA,2467348.757,112351.5062,48902.22848,NA,NA,NA,NA,NA,NA,NA,2293467.189,5654395.634,NA,1118526.885,NA,NA
48,"id_24_2-C,4_01_55456.raw",3,id_24,IgGIILE,NO,YI-NO,3,NA,NA,NA,NA,NA,NA,NA,NA,NA,NA,NA,NA,NA,NA,NA,NA,NA,NA,NA,NA,NA,NA,NA,NA,NA,NA,NA,NA,NA,NA,NA,NA,NA,NA,NA,NA,NA,NA,NA,NA,NA,NA,NA,NA,NA,NA,NA,NA,NA,NA,NA,NA,NA,NA,NA,NA,NA,NA,NA,NA,NA,NA,NA,NA,NA,NA,NA,NA,NA,NA,NA,NA,NA,NA,NA,NA,NA,NA,NA,NA,NA,NA,NA,NA,NA,NA,NA,NA,NA,NA,NA,NA,NA,NA,NA,NA,NA,NA,NA,NA,NA,NA,NA,NA,NA,262059.1871,NA,4487999.765,345179.513,NA,NA,NA,426375.5001,NA,NA,3505883.846,559236.1513,NA,193226.6368,56567.04318,NA,NA,1975848.253,NA,1345183.217,269135.8611,131713.651,NA,NA,NA,NA,NA,NA,NA,NA,1654222.077,NA,1354870.685,NA,NA
19,"id_10_2-G,1_01_55396.raw",2,id_10,IgGIILE,WT,YI-WT,1,NA,NA,NA,NA,NA,NA,NA,NA,NA,NA,NA,NA,NA,NA,NA,NA,NA,NA,NA,NA,NA,NA,NA,NA,NA,NA,NA,NA,NA,NA,NA,NA,NA,NA,NA,NA,NA,NA,NA,NA,NA,NA,NA,NA,NA,NA,NA,NA,NA,NA,NA,NA,NA,NA,NA,NA,NA,NA,NA,NA,NA,NA,NA,NA,NA,NA,NA,NA,NA,NA,NA,NA,NA,NA,NA,NA,NA,NA,NA,NA,NA,NA,NA,NA,NA,NA,NA,NA,NA,NA,NA,NA,NA,NA,NA,NA,NA,NA,NA,NA,NA,NA,NA,NA,NA,17957821.26,NA,24540093.03,1622255.577,NA,1144469.544,NA,8336622.709,NA,NA,9506412.365,272437.7333,NA,486637.8554,59331.68062,NA,18856654.31,20193885.45,NA,3243740.737,190500.6294,53512.80364,NA,NA,NA,NA,NA,NA,NA,3666282.482,8885812.227,NA,2051738.572,NA,NA
20,"id_10_2-G,1_01_55396.raw",3,id_10,IgGIILE,WT,YI-WT,1,NA,NA,NA,NA,NA,NA,NA,NA,NA,NA,NA,NA,NA,NA,NA,NA,NA,NA,NA,NA,NA,NA,NA,NA,NA,NA,NA,NA,NA,NA,NA,NA,NA,NA,NA,NA,NA,NA,NA,NA,NA,NA,NA,NA,NA,NA,NA,NA,NA,NA,NA,NA,NA,NA,NA,NA,NA,NA,NA,NA,NA,NA,NA,NA,NA,NA,NA,NA,NA,NA,NA,NA,NA,NA,NA,NA,NA,NA,NA,NA,NA,NA,NA,NA,NA,NA,NA,NA,NA,NA,NA,NA,NA,NA,NA,NA,NA,NA,NA,NA,NA,NA,NA,NA,NA,317674.1067,NA,3879932.65,409160.2137,NA,NA,NA,735387.2612,NA,NA,3082566.813,795910.6145,NA,192282.9753,82722.43581,NA,NA,3012379.489,NA,1808602.213,377258.5877,279254.6812,NA,NA,NA,NA,NA,NA,NA,NA,2623437.781,NA,2461332.912,NA,NA
21,"id_11_2-C,1_01_55384.raw",2,id_11,IgGIILE,WT,YI-WT,2,NA,NA,NA,NA,NA,NA,NA,NA,NA,NA,NA,NA,NA,NA,NA,NA,NA,NA,NA,NA,NA,NA,NA,NA,NA,NA,NA,NA,NA,NA,NA,NA,NA,NA,NA,NA,NA,NA,NA,NA,NA,NA,NA,NA,NA,NA,NA,NA,NA,NA,NA,NA,NA,NA,NA,NA,NA,NA,NA,NA,NA,NA,NA,NA,NA,NA,NA,NA,NA,NA,NA,NA,NA,NA,NA,NA,NA,NA,NA,NA,NA,NA,NA,NA,NA,NA,NA,NA,NA,NA,NA,NA,NA,NA,NA,NA,NA,NA,NA,NA,NA,NA,NA,NA,NA,18844006.89,NA,26213380.52,1701811.973,NA,1129996.919,NA,4582133.295,NA,NA,10192582.3,275565.717,NA,525438.6524,62056.52898,NA,19571940.08,20291415.63,NA,3371903.694,193222.854,75383.03582,NA,NA,NA,NA,NA,NA,NA,3894012.588,8932529.478,NA,2176695.033,NA,NA
22,"id_11_2-C,1_01_55384.raw",3,id_11,IgGIILE,WT,YI-WT,2,NA,NA,NA,NA,NA,NA,NA,NA,NA,NA,NA,NA,NA,NA,NA,NA,NA,NA,NA,NA,NA,NA,NA,NA,NA,NA,NA,NA,NA,NA,NA,NA,NA,NA,NA,NA,NA,NA,NA,NA,NA,NA,NA,NA,NA,NA,NA,NA,NA,NA,NA,NA,NA,NA,NA,NA,NA,NA,NA,NA,NA,NA,NA,NA,NA,NA,NA,NA,NA,NA,NA,NA,NA,NA,NA,NA,NA,NA,NA,NA,NA,NA,NA,NA,NA,NA,NA,NA,NA,NA,NA,NA,NA,NA,NA,NA,NA,NA,NA,NA,NA,NA,NA,NA,NA,300731.4933,NA,4154312.961,465386.2815,NA,NA,NA,494023.9804,NA,NA,3363903.5,857071.635,NA,157980.6503,57902.2849,NA,NA,3141127.325,NA,1819077.473,315265.5112,237640.3492,NA,NA,NA,NA,NA,NA,NA,NA,2853902.2,NA,2527646.261,NA,NA
23,"id_12_2-D,2_01_55411.raw",2,id_12,IgGIILE,WT,YI-WT,3,NA,NA,NA,NA,NA,NA,NA,NA,NA,NA,NA,NA,NA,NA,NA,NA,NA,NA,NA,NA,NA,NA,NA,NA,NA,NA,NA,NA,NA,NA,NA,NA,NA,NA,NA,NA,NA,NA,NA,NA,NA,NA,NA,NA,NA,NA,NA,NA,NA,NA,NA,NA,NA,NA,NA,NA,NA,NA,NA,NA,NA,NA,NA,NA,NA,NA,NA,NA,NA,NA,NA,NA,NA,NA,NA,NA,NA,NA,NA,NA,NA,NA,NA,NA,NA,NA,NA,NA,NA,NA,NA,NA,NA,NA,NA,NA,NA,NA,NA,NA,NA,NA,NA,NA,NA,13335966.68,NA,19120671.27,1256631.03,NA,936252.7598,NA,4277646.057,NA,NA,7288856.969,212499.4611,NA,393347.5901,44998.96824,NA,13299629.85,14358410.85,NA,2360008.242,116900.8827,40368.8052,NA,NA,NA,NA,NA,NA,NA,2627364.399,6227000.751,NA,1465126.799,NA,NA
24,"id_12_2-D,2_01_55411.raw",3,id_12,IgGIILE,WT,YI-WT,3,NA,NA,NA,NA,NA,NA,NA,NA,NA,NA,NA,NA,NA,NA,NA,NA,NA,NA,NA,NA,NA,NA,NA,NA,NA,NA,NA,NA,NA,NA,NA,NA,NA,NA,NA,NA,NA,NA,NA,NA,NA,NA,NA,NA,NA,NA,NA,NA,NA,NA,NA,NA,NA,NA,NA,NA,NA,NA,NA,NA,NA,NA,NA,NA,NA,NA,NA,NA,NA,NA,NA,NA,NA,NA,NA,NA,NA,NA,NA,NA,NA,NA,NA,NA,NA,NA,NA,NA,NA,NA,NA,NA,NA,NA,NA,NA,NA,NA,NA,NA,NA,NA,NA,NA,NA,225167.2557,NA,3036130.882,364678.074,NA,NA,NA,455610.449,NA,NA,2325302.343,655315.6763,NA,85544.81181,43285.76712,NA,NA,2144294.342,NA,1547883.676,238415.3798,246983.5145,NA,NA,NA,NA,NA,NA,NA,NA,1802751.716,NA,1809486.758,NA,NA
25,"id_13_2-G,2_01_55420.raw",2,id_13,IgGI,NO,Y-NO,1,9689876.627,NA,18084761.26,1561397.572,NA,282136.3147,NA,7386163.865,NA,NA,19856966.54,420952.0043,659229.699,1199806.48,112846.6158,NA,3853597.953,3595791.862,NA,5740619.287,838370.2374,257330.3842,428725.6229,172683.0288,NA,222233.1604,NA,NA,NA,715897.5311,1688440.763,NA,481176.1182,NA,NA,NA,NA,NA,NA,NA,NA,NA,NA,NA,NA,NA,NA,NA,NA,NA,NA,NA,NA,NA,NA,NA,NA,NA,NA,NA,NA,NA,NA,NA,NA,NA,NA,NA,NA,NA,NA,NA,NA,NA,NA,NA,NA,NA,NA,NA,NA,NA,NA,NA,NA,NA,NA,NA,NA,NA,NA,NA,NA,NA,NA,NA,NA,NA,NA,NA,NA,NA,NA,NA,NA,NA,NA,NA,NA,NA,NA,NA,NA,NA,NA,NA,NA,NA,NA,NA,NA,NA,NA,NA,NA,NA,NA,NA,NA,NA,NA,NA,NA,NA,NA,NA,NA,NA,NA,NA
26,"id_13_2-G,2_01_55420.raw",3,id_13,IgGI,NO,Y-NO,1,152758.986,NA,3475614.685,785265.6134,NA,NA,NA,697626.4436,NA,NA,7689056.323,510179.6975,NA,1199448.544,212560.126,NA,NA,708125.616,NA,3449945.149,1282402.39,1053078.112,NA,273314.4852,NA,335316.0771,NA,NA,NA,NA,620951.131,NA,671019.1208,NA,NA,NA,NA,NA,NA,NA,NA,NA,NA,NA,NA,NA,NA,NA,NA,NA,NA,NA,NA,NA,NA,NA,NA,NA,NA,NA,NA,NA,NA,NA,NA,NA,NA,NA,NA,NA,NA,NA,NA,NA,NA,NA,NA,NA,NA,NA,NA,NA,NA,NA,NA,NA,NA,NA,NA,NA,NA,NA,NA,NA,NA,NA,NA,NA,NA,NA,NA,NA,NA,NA,NA,NA,NA,NA,NA,NA,NA,NA,NA,NA,NA,NA,NA,NA,NA,NA,NA,NA,NA,NA,NA,NA,NA,NA,NA,NA,NA,NA,NA,NA,NA,NA,NA,NA,NA,NA
27,"id_14_2-A,4_01_55450.raw",2,id_14,IgGI,NO,Y-NO,2,9077374.09,NA,15711685.76,1370863.734,NA,323015.6095,NA,6888144.552,NA,NA,17599067.33,419235.8381,563267.7061,1021333.893,107103.2425,NA,3841548.347,3577408.124,NA,5148578.87,766408.5468,250948.8214,381245.6451,152247.8553,NA,191620.8867,NA,NA,NA,681079.065,1702581.392,NA,459173.5647,NA,NA,NA,NA,NA,NA,NA,NA,NA,NA,NA,NA,NA,NA,NA,NA,NA,NA,NA,NA,NA,NA,NA,NA,NA,NA,NA,NA,NA,NA,NA,NA,NA,NA,NA,NA,NA,NA,NA,NA,NA,NA,NA,NA,NA,NA,NA,NA,NA,NA,NA,NA,NA,NA,NA,NA,NA,NA,NA,NA,NA,NA,NA,NA,NA,NA,NA,NA,NA,NA,NA,NA,NA,NA,NA,NA,NA,NA,NA,NA,NA,NA,NA,NA,NA,NA,NA,NA,NA,NA,NA,NA,NA,NA,NA,NA,NA,NA,NA,NA,NA,NA,NA,NA,NA,NA,NA
28,"id_14_2-A,4_01_55450.raw",3,id_14,IgGI,NO,Y-NO,2,192919.256,NA,3008510.755,811232.3167,NA,NA,NA,920157.4207,NA,NA,6977708.972,567229.2341,NA,995485.1422,229291.6753,NA,NA,718164.4549,NA,2988497.572,1103499.534,981313.121,NA,424673.2153,NA,292561.0867,NA,NA,NA,NA,759166.9121,NA,692243.6332,NA,NA,NA,NA,NA,NA,NA,NA,NA,NA,NA,NA,NA,NA,NA,NA,NA,NA,NA,NA,NA,NA,NA,NA,NA,NA,NA,NA,NA,NA,NA,NA,NA,NA,NA,NA,NA,NA,NA,NA,NA,NA,NA,NA,NA,NA,NA,NA,NA,NA,NA,NA,NA,NA,NA,NA,NA,NA,NA,NA,NA,NA,NA,NA,NA,NA,NA,NA,NA,NA,NA,NA,NA,NA,NA,NA,NA,NA,NA,NA,NA,NA,NA,NA,NA,NA,NA,NA,NA,NA,NA,NA,NA,NA,NA,NA,NA,NA,NA,NA,NA,NA,NA,NA,NA,NA,NA
29,"id_15_2-D,1_01_55387.raw",2,id_15,IgGI,NO,Y-NO,3,9343073.034,NA,18041773.88,1773894.773,NA,359131.3926,NA,7098258.497,NA,NA,19420845.15,525070.5743,662479.7687,1394650.877,148796.7376,NA,4537728.849,4129641.757,NA,5937965.063,1085598.913,345544.2044,477785.9626,214327.3847,NA,362254.2611,NA,NA,NA,808283.3253,1986277.75,NA,659536.6744,NA,NA,NA,NA,NA,NA,NA,NA,NA,NA,NA,NA,NA,NA,NA,NA,NA,NA,NA,NA,NA,NA,NA,NA,NA,NA,NA,NA,NA,NA,NA,NA,NA,NA,NA,NA,NA,NA,NA,NA,NA,NA,NA,NA,NA,NA,NA,NA,NA,NA,NA,NA,NA,NA,NA,NA,NA,NA,NA,NA,NA,NA,NA,NA,NA,NA,NA,NA,NA,NA,NA,NA,NA,NA,NA,NA,NA,NA,NA,NA,NA,NA,NA,NA,NA,NA,NA,NA,NA,NA,NA,NA,NA,NA,NA,NA,NA,NA,NA,NA,NA,NA,NA,NA,NA,NA,NA
30,"id_15_2-D,1_01_55387.raw",3,id_15,IgGI,NO,Y-NO,3,385936.2364,NA,4300062.189,1113848.962,NA,NA,NA,868314.6229,NA,NA,8012425.84,648814.8946,NA,1349460.171,251952.345,NA,NA,1207622.188,NA,3532278.991,1475452.129,1133232.975,NA,384016.7521,NA,437826.2521,NA,NA,NA,NA,1121390.272,NA,909480.2683,NA,NA,NA,NA,NA,NA,NA,NA,NA,NA,NA,NA,NA,NA,NA,NA,NA,NA,NA,NA,NA,NA,NA,NA,NA,NA,NA,NA,NA,NA,NA,NA,NA,NA,NA,NA,NA,NA,NA,NA,NA,NA,NA,NA,NA,NA,NA,NA,NA,NA,NA,NA,NA,NA,NA,NA,NA,NA,NA,NA,NA,NA,NA,NA,NA,NA,NA,NA,NA,NA,NA,NA,NA,NA,NA,NA,NA,NA,NA,NA,NA,NA,NA,NA,NA,NA,NA,NA,NA,NA,NA,NA,NA,NA,NA,NA,NA,NA,NA,NA,NA,NA,NA,NA,NA,NA,NA
1,"id_01_2-E,1_01_55390.raw",2,id_01,IgGI,WT,Y-WT,1,9571197.984,NA,17799075,1490358.651,NA,356369.3475,NA,7563029.153,NA,NA,20178317,436388.5405,660458.841,1320103.902,118584.4297,NA,4614480.911,4124295.079,NA,5917562.957,900697.8753,286611.9906,454955.4843,202180.6157,NA,265580.2823,NA,NA,NA,894921.3137,2047501.011,NA,602299.883,NA,NA,NA,NA,NA,NA,NA,NA,NA,NA,NA,NA,NA,NA,NA,NA,NA,NA,NA,NA,NA,NA,NA,NA,NA,NA,NA,NA,NA,NA,NA,NA,NA,NA,NA,NA,NA,NA,NA,NA,NA,NA,NA,NA,NA,NA,NA,NA,NA,NA,NA,NA,NA,NA,NA,NA,NA,NA,NA,NA,NA,NA,NA,NA,NA,NA,NA,NA,NA,NA,NA,NA,NA,NA,NA,NA,NA,NA,NA,NA,NA,NA,NA,NA,NA,NA,NA,NA,NA,NA,NA,NA,NA,NA,NA,NA,NA,NA,NA,NA,NA,NA,NA,NA,NA,NA,NA
2,"id_01_2-E,1_01_55390.raw",3,id_01,IgGI,WT,Y-WT,1,234376.0273,NA,3710727.612,857461.7376,NA,NA,NA,452967.819,NA,NA,8142228.069,470230.7119,NA,1407776.713,217623.182,NA,NA,783026.9014,NA,3562575.347,1289288.824,1014958.404,NA,311502.7531,NA,348131.3831,NA,NA,NA,NA,730575.804,NA,789274.9791,NA,NA,NA,NA,NA,NA,NA,NA,NA,NA,NA,NA,NA,NA,NA,NA,NA,NA,NA,NA,NA,NA,NA,NA,NA,NA,NA,NA,NA,NA,NA,NA,NA,NA,NA,NA,NA,NA,NA,NA,NA,NA,NA,NA,NA,NA,NA,NA,NA,NA,NA,NA,NA,NA,NA,NA,NA,NA,NA,NA,NA,NA,NA,NA,NA,NA,NA,NA,NA,NA,NA,NA,NA,NA,NA,NA,NA,NA,NA,NA,NA,NA,NA,NA,NA,NA,NA,NA,NA,NA,NA,NA,NA,NA,NA,NA,NA,NA,NA,NA,NA,NA,NA,NA,NA,NA,NA
3,"id_02_2-B,3_01_55429.raw",2,id_02,IgGI,WT,Y-WT,2,9606016.208,NA,17384583.7,1886433.864,NA,300696.4262,NA,7235046.492,NA,NA,18663088.25,502041.0618,601389.8753,1486262.071,125643.6636,NA,3880068.763,3353253.824,NA,5290064.811,1107305.081,233823.992,375368.9838,165681.8396,NA,275391.6908,NA,NA,NA,727962.1147,1658317.364,NA,477723.6664,NA,NA,NA,NA,NA,NA,NA,NA,NA,NA,NA,NA,NA,NA,NA,NA,NA,NA,NA,NA,NA,NA,NA,NA,NA,NA,NA,NA,NA,NA,NA,NA,NA,NA,NA,NA,NA,NA,NA,NA,NA,NA,NA,NA,NA,NA,NA,NA,NA,NA,NA,NA,NA,NA,NA,NA,NA,NA,NA,NA,NA,NA,NA,NA,NA,NA,NA,NA,NA,NA,NA,NA,NA,NA,NA,NA,NA,NA,NA,NA,NA,NA,NA,NA,NA,NA,NA,NA,NA,NA,NA,NA,NA,NA,NA,NA,NA,NA,NA,NA,NA,NA,NA,NA,NA,NA,NA
4,"id_02_2-B,3_01_55429.raw",3,id_02,IgGI,WT,Y-WT,2,182411.7178,NA,3378994.064,930934.9134,NA,NA,NA,544828.8485,NA,NA,7409225.539,881794.9409,NA,1473483.648,255275.8225,NA,NA,609535.8538,NA,3088500.323,2030986.525,961847.967,NA,275433.4152,NA,382630.8933,NA,NA,NA,NA,674005.22,NA,633596.4925,NA,NA,NA,NA,NA,NA,NA,NA,NA,NA,NA,NA,NA,NA,NA,NA,NA,NA,NA,NA,NA,NA,NA,NA,NA,NA,NA,NA,NA,NA,NA,NA,NA,NA,NA,NA,NA,NA,NA,NA,NA,NA,NA,NA,NA,NA,NA,NA,NA,NA,NA,NA,NA,NA,NA,NA,NA,NA,NA,NA,NA,NA,NA,NA,NA,NA,NA,NA,NA,NA,NA,NA,NA,NA,NA,NA,NA,NA,NA,NA,NA,NA,NA,NA,NA,NA,NA,NA,NA,NA,NA,NA,NA,NA,NA,NA,NA,NA,NA,NA,NA,NA,NA,NA,NA,NA,NA
5,"id_03_2-D,4_01_55459.raw",2,id_03,IgGI,WT,Y-WT,3,10402097.34,NA,18519403.09,1516774.773,NA,364832.3486,NA,7745366.066,NA,NA,20927352.97,400097.5024,604174.7202,1468851.946,130023.5391,NA,4246900.751,3651102.732,NA,5754034.88,750583.189,228457.556,384987.5957,167356.0765,NA,232175.371,NA,NA,NA,779774.3478,1775018.846,NA,499291.5624,NA,NA,NA,NA,NA,NA,NA,NA,NA,NA,NA,NA,NA,NA,NA,NA,NA,NA,NA,NA,NA,NA,NA,NA,NA,NA,NA,NA,NA,NA,NA,NA,NA,NA,NA,NA,NA,NA,NA,NA,NA,NA,NA,NA,NA,NA,NA,NA,NA,NA,NA,NA,NA,NA,NA,NA,NA,NA,NA,NA,NA,NA,NA,NA,NA,NA,NA,NA,NA,NA,NA,NA,NA,NA,NA,NA,NA,NA,NA,NA,NA,NA,NA,NA,NA,NA,NA,NA,NA,NA,NA,NA,NA,NA,NA,NA,NA,NA,NA,NA,NA,NA,NA,NA,NA,NA,NA
6,"id_03_2-D,4_01_55459.raw",3,id_03,IgGI,WT,Y-WT,3,169847.5393,NA,3580152.246,781872.8229,NA,NA,NA,771807.4869,NA,NA,8003925.139,563190.4343,NA,1397790.567,211089.4085,NA,NA,709512.0882,NA,3294093.652,1059025.556,889275.6658,NA,436136.7927,NA,316637.0695,NA,NA,NA,NA,842763.8368,NA,734945.4437,NA,NA,NA,NA,NA,NA,NA,NA,NA,NA,NA,NA,NA,NA,NA,NA,NA,NA,NA,NA,NA,NA,NA,NA,NA,NA,NA,NA,NA,NA,NA,NA,NA,NA,NA,NA,NA,NA,NA,NA,NA,NA,NA,NA,NA,NA,NA,NA,NA,NA,NA,NA,NA,NA,NA,NA,NA,NA,NA,NA,NA,NA,NA,NA,NA,NA,NA,NA,NA,NA,NA,NA,NA,NA,NA,NA,NA,NA,NA,NA,NA,NA,NA,NA,NA,NA,NA,NA,NA,NA,NA,NA,NA,NA,NA,NA,NA,NA,NA,NA,NA,NA,NA,NA,NA,NA,NA
